<?xml version="1.0" encoding="UTF-8"?>
<configdata>
    <nav>
        <label>Home</label>
        <controller>Dashboard</controller>
        <action>index</action>
        <pages>
            <shipmentmanager>
                <label>Sitemap</label>
                <controller>Shipmentmanager</controller>
                <action>index</action>
                <pages>
                    <pickrequest>
                        <label>Categories sitemap</label>
                        <controller>Shipmentmanager</controller>
                        <action>pickrequest</action>
                    </pickrequest>
                    <products>
                        <label>Products sitemap</label>
                        <controller>Shipmentmanager</controller>
                        <action>pickrequest</action>
                    </products>
                </pages>
            </shipmentmanager>
        </pages>
    </nav>
</configdata>